{
  "matrix": {
    "rows": 12,
    "cols": 7
  },
  "lighting": "qmk_rgblight",
  "layouts": {
    "keymap": 
      [[{"x": 3.07},"0,3",{"x": 7.629999999999999},"6,3"],[{"y": -0.87,"x": 2.07},"0,2",{"x": 1.0000000000000004},"0,4",{"x": 5.629999999999999},"6,4",{"x": 1},"6,2"],[{"y": -0.8799999999999999,"x": 5.07},"0,5","0,6",{"x": 1.629999999999999},"6,6","6,5"],[{"y": -0.87,"x": 0.05},"0,0",{"x": 0.020000000000000018},"0,1",{"x": 11.629999999999999},"6,1",{"x": -0.009999999999999787},"6,0"],[{"y": -0.3799999999999999,"x": 3.07},"1,3",{"x": 7.629999999999999},"7,3"],[{"y": -0.8700000000000001,"x": 2.07},"1,2",{"x": 1.0000000000000004},"1,4",{"x": 5.629999999999999},"7,4",{"x": 1},"7,2"],[{"y": -0.8799999999999999,"x": 5.07},"1,5","1,6",{"x": 1.629999999999999},"7,6","7,5"],[{"y": -0.8700000000000001,"x": 0.05},"1,0",{"x": 0.020000000000000018},"1,1",{"x": 11.629999999999999},"7,1",{"x": -0.009999999999999787},"7,0"],[{"y": -0.3799999999999999,"x": 3.07},"2,3",{"x": 7.629999999999999},"8,3"],[{"y": -0.8700000000000001,"x": 2.07},"2,2",{"x": 1.0000000000000004},"2,4",{"x": 5.629999999999999},"8,4",{"x": 1},"8,2"],[{"y": -0.8799999999999999,"x": 5.07},"2,5","2,6",{"x": 1.629999999999999},"8,6","8,5"],[{"y": -0.8700000000000001,"x": 0.05},"2,0",{"x": 0.020000000000000018},"2,1",{"x": 11.629999999999999},"8,1",{"x": -0.009999999999999787},"8,0"],[{"y": -0.3799999999999999,"x": 3.07},"3,3",{"x": 7.629999999999999},"9,3"],[{"y": -0.8700000000000001,"x": 2.07},"3,2",{"x": 1.0000000000000004},"3,4",{"x": 5.629999999999999},"9,4",{"x": 1},"9,2"],[{"y": -0.8799999999999999,"x": 5.07},"3,5","3,6",{"x": 1.629999999999999},"9,6","9,5"],[{"y": -0.8700000000000001,"x": 0.05},"3,0",{"x": 0.020000000000000018},"3,1",{"x": 11.629999999999999},"9,1",{"x": -0.009999999999999787},"9,0"],[{"x": 0.05},"4,0",{"x": 0.020000000000000018},"4,1",{"x": 1.2499999999999996},"4,3","4,4",{"x": 5.129999999999999},"10,4","10,3",{"x": 1.25},"10,1",{"x": -0.009999999999999787},"10,0"],[{"y": -0.8799999999999999,"x": 2.19},"4,2",{"x": 9.38},"10,2"],[{"x": 1.19},"5,1","5,2","5,3",{"x": 7.380000000000001},"11,3","11,2","11,1"],[{"r": 30,"rx": 6.5,"ry": 4.25,"y": 0.5999999999999996,"x": -0.5},"4,5"],[{"r": 60,"y": -1.4699999999999998,"x": 1.2000000000000002},"4,6"],[{"r": -60,"rx": 9.45,"y": -0.04999999999999982,"x": -2.299999999999999},"10,6"],[{"r": -30,"y": -0.4500000000000002,"x": -0.6699999999999999},"10,5"]]}
}
