{
  "lighting": "none",
  "matrix": {
    "rows": 4,
    "cols": 12
  },
  "layouts": {
    "keymap": [
      [
        {
          "rx": 0.5,
          "ry": 1.25,
          "r": 0,
          "x": -0.5,
          "y": -0.5
        },
        "0,0"
      ],
      [
        {
          "rx": 1.5,
          "ry": 0.75,
          "r": 0,
          "x": -0.5,
          "y": -0.5
        },
        "0,1"
      ],
      [
        {
          "rx": 2.552307692307692,
          "ry": 0.5584615384615379,
          "r": 6.359660239728469,
          "x": -0.5,
          "y": -0.5
        },
        "0,2"
      ],
      [
        {
          "rx": 3.5916639053254436,
          "ry": 0.733126627218935,
          "r": 12.719320479456938,
          "x": -0.5,
          "y": -0.5
        },
        "0,3"
      ],
      [
        {
          "rx": 4.605276562585344,
          "ry": 1.0218455421028665,
          "r": 19.078980719185406,
          "x": -0.5,
          "y": -0.5
        },
        "0,4"
      ],
      [
        {
          "rx": 5.5806704313826545,
          "ry": 1.4210648195455349,
          "r": 25.438640958913876,
          "x": -0.5,
          "y": -0.5
        },
        "0,5"
      ],
      [
        {
          "rx": 8.419329568617346,
          "ry": 1.4210648195455349,
          "r": -25.438640958913876,
          "x": -0.5,
          "y": -0.5
        },
        "0,6"
      ],
      [
        {
          "rx": 9.394723437414656,
          "ry": 1.0218455421028665,
          "r": -19.078980719185406,
          "x": -0.5,
          "y": -0.5
        },
        "0,7"
      ],
      [
        {
          "rx": 10.408336094674556,
          "ry": 0.733126627218935,
          "r": -12.719320479456938,
          "x": -0.5,
          "y": -0.5
        },
        "0,8"
      ],
      [
        {
          "rx": 11.447692307692307,
          "ry": 0.5584615384615379,
          "r": -6.359660239728469,
          "x": -0.5,
          "y": -0.5
        },
        "0,9 "
      ],
      [
        {
          "rx": 12.5,
          "ry": 0.75,
          "r": 0,
          "x": -0.5,
          "y": -0.5
        },
        "0,10"
      ],
      [
        {
          "rx": 13.5,
          "ry": 1.25,
          "r": 0,
          "x": -0.5,
          "y": -0.5
        },
        "0,11"
      ],
      [
        {
          "rx": 0.5,
          "ry": 2.25,
          "r": 0,
          "x": -0.5,
          "y": -0.5
        },
        "1,0"
      ],
      [
        {
          "rx": 1.5,
          "ry": 1.75,
          "r": 0,
          "x": -0.5,
          "y": -0.5
        },
        "1,1"
      ],
      [
        {
          "rx": 2.5583657587548636,
          "ry": 1.5661478599221788,
          "r": 7.152668749994702,
          "x": -0.5,
          "y": -0.5
        },
        "1,2"
      ],
      [
        {
          "rx": 3.6002588986964223,
          "ry": 1.763561901012885,
          "r": 14.305337499989404,
          "x": -0.5,
          "y": -0.5
        },
        "1,3"
      ],
      [
        {
          "rx": 4.6094631841835625,
          "ry": 2.0891695311928835,
          "r": 21.45800624998411,
          "x": -0.5,
          "y": -0.5
        },
        "1,4"
      ],
      [
        {
          "rx": 5.570271155519984,
          "ry": 2.537902927424355,
          "r": 28.61067499997881,
          "x": -0.5,
          "y": -0.5
        },
        "1,5"
      ],
      [
        {
          "rx": 8.429728844480016,
          "ry": 2.537902927424355,
          "r": -28.61067499997881,
          "x": -0.5,
          "y": -0.5
        },
        "1,6"
      ],
      [
        {
          "rx": 9.390536815816438,
          "ry": 2.0891695311928835,
          "r": -21.45800624998411,
          "x": -0.5,
          "y": -0.5
        },
        "1,7"
      ],
      [
        {
          "rx": 10.399741101303578,
          "ry": 1.763561901012885,
          "r": -14.305337499989404,
          "x": -0.5,
          "y": -0.5
        },
        "1,8"
      ],
      [
        {
          "rx": 11.441634241245136,
          "ry": 1.5661478599221788,
          "r": -7.152668749994702,
          "x": -0.5,
          "y": -0.5
        },
        "1,9"
      ],
      [
        {
          "rx": 12.5,
          "ry": 1.75,
          "r": 0,
          "x": -0.5,
          "y": -0.5
        },
        "1,10"
      ],
      [
        {
          "rx": 13.5,
          "ry": 2.25,
          "r": 0,
          "x": -0.5,
          "y": -0.5
        },
        "1,11"
      ],
      [
        {
          "rx": 0.5,
          "ry": 3.25,
          "r": 0,
          "x": -0.5,
          "y": -0.5
        },
        "2,0"
      ],
      [
        {
          "rx": 1.5,
          "ry": 2.75,
          "r": 0,
          "x": -0.5,
          "y": -0.5
        },
        "2,1"
      ],
      [
        {
          "rx": 2.565989847715736,
          "ry": 2.5761421319796955,
          "r": 8.171233559949753,
          "x": -0.5,
          "y": -0.5
        },
        "2,2"
      ],
      [
        {
          "rx": 3.6103352315184623,
          "ry": 2.8030224947821374,
          "r": 16.342467119899506,
          "x": -0.5,
          "y": -0.5
        },
        "2,3"
      ],
      [
        {
          "rx": 4.61183116899594,
          "ry": 3.1760343805331663,
          "r": 24.513700679849258,
          "x": -0.5,
          "y": -0.5
        },
        "2,4"
      ],
      [
        {
          "rx": 5.550142717255227,
          "ry": 3.687603943836822,
          "r": 32.68493423979901,
          "x": -0.5,
          "y": -0.5
        },
        "2,5"
      ],
      [
        {
          "rx": 8.449857282744773,
          "ry": 3.687603943836822,
          "r": -32.68493423979901,
          "x": -0.5,
          "y": -0.5
        },
        "2,6"
      ],
      [
        {
          "rx": 9.388168831004059,
          "ry": 3.1760343805331663,
          "r": -24.513700679849258,
          "x": -0.5,
          "y": -0.5
        },
        "2,7"
      ],
      [
        {
          "rx": 10.389664768481538,
          "ry": 2.8030224947821374,
          "r": -16.342467119899506,
          "x": -0.5,
          "y": -0.5
        },
        "2,8"
      ],
      [
        {
          "rx": 11.434010152284264,
          "ry": 2.5761421319796955,
          "r": -8.171233559949753,
          "x": -0.5,
          "y": -0.5
        },
        "2,9"
      ],
      [
        {
          "rx": 12.5,
          "ry": 2.75,
          "r": 0,
          "x": -0.5,
          "y": -0.5
        },
        "2,10"
      ],
      [
        {
          "rx": 13.5,
          "ry": 3.25,
          "r": 0,
          "x": -0.5,
          "y": -0.5
        },
        "2,11"
      ],
      [
        {
          "rx": 3.6220451843043997,
          "ry": 3.8561474435196192,
          "r": 19.054566762904713,
          "x": -0.5,
          "y": -0.5
        },
        "3,3"
      ],
      [
        {
          "rx": 4.609689122145229,
          "ry": 4.2921253023904224,
          "r": 28.581850144357066,
          "x": -0.5,
          "y": -0.5
        },
        "3,4"
      ],
      [
        {
          "rx": 5.511548532478605,
          "ry": 4.885561773609075,
          "r": 38.109133525809426,
          "x": -0.5,
          "y": -0.5
        },
        "3,5"
      ],
      [
        {
          "rx": 8.488451467521395,
          "ry": 4.885561773609075,
          "r": -38.109133525809426,
          "x": -0.5,
          "y": -0.5
        },
        "3,6"
      ],
      [
        {
          "rx": 9.39031087785477,
          "ry": 4.2921253023904224,
          "r": -28.581850144357066,
          "x": -0.5,
          "y": -0.5
        },
        "3,7"
      ],
      [
        {
          "rx": 10.3779548156956,
          "ry": 3.8561474435196192,
          "r": -19.054566762904713,
          "x": -0.5,
          "y": -0.5
        },
        "3,8"
      ]   
    ]
  }
}
