{
  "name": "Syndrome",
  "vendorId": "0x4B43",
  "productId": "0x6F75",
  "matrix": { "rows": 7, "cols": 6 },
  "layouts": {
    "labels":[
      [
        "Right Shift",
        "Split Shift",
        "Full Shift"
      ],
      "1.75 Left Space",
      "1.75 Right Space"
    ],
    "keymap": [
      [
        {
          "y": 0.16,
          "x": 12.25
        },
        "1,0\n\n\n\n\n\n\n\n\ne",
        "1,1\n\n\n\n\n\n\n\n\ne"
      ],
      [
        {
          "y": -0.9199999999999999,
          "x": 0.3,
          "c": "#ffffff",
          "t": "#2e2525"
        },
        "0,0",
        {
          "x": 8.9
        },
        "1,4",
        "0,5"
      ],
      [
        {
          "y": -0.010000000000000009,
          "x": 0.16,
          "w": 1.25
        },
        "2,0",
        {
          "x": 9.18,
          "w": 1.75
        },
        "2,5"
      ],
      [
        {
          "x": 0.01,
          "w": 1.75
        },
        "4,0"
      ],
      [
        {
          "y": -0.9899999999999998,
          "x": 12.73,
          "w": 2.25
        },
        "5,4\n\n\n0,1"
      ],
      [
        {
          "y": -0.010000000000000231,
          "x": 0.1,
          "w": 1.25
        },
        "6,0"
      ],
      [
        {
          "y": 0.6799999999999997,
          "x": 3.5,
          "c": "#cccccc",
          "t": "#000000"
        },
        "2,0\n\n\n\n\n\n\n\n\ne",
        "2,1\n\n\n\n\n\n\n\n\ne",
        {
          "x": 0.75
        },
        "3,0\n\n\n\n\n\n\n\n\ne",
        "3,1\n\n\n\n\n\n\n\n\ne"
      ],
      [
        {
          "rx": 6.25,
          "y": 2.24,
          "x": 3.9800000000000004,
          "c": "#ffffff",
          "t": "#2e2525",
          "w": 1.25
        },
        "5,4\n\n\n0,0",
        "4,5\n\n\n0,0"
      ],
      [
        {
          "x": 4.879999999999999,
          "w": 1.25
        },
        "6,5"
      ],
      [
        {
          "r": 8,
          "rx": 0,
          "x": 1.44
        },
        "1,0",
        "0,1",
        "1,1",
        "0,2"
      ],
      [
        {
          "x": 1.69
        },
        "3,0",
        "2,1",
        "3,1",
        "2,2"
      ],
      [
        {
          "x": 2.19
        },
        "5,0",
        "4,1",
        "5,1",
        "4,2"
      ],
      [
        {
          "x": 2.94
        },
        "6,1\n\n\n1,0",
        {
          "w": 2.25
        },
        "6,2\n\n\n1,0"
      ],
      [
        {
          "x": 2.94,
          "t": "#000000",
          "w": 1.5
        },
        "6,1\n\n\n1,1",
        {
          "x": 8.881784197001252e-16,
          "w": 1.75
        },
        "6,2\n\n\n1,1"
      ],
      [
        {
          "r": -8,
          "y": -3.34,
          "x": 5.9399999999999995,
          "t": "#2e2525"
        },
        "1,2",
        "0,3",
        "1,3",
        "0,4"
      ],
      [
        {
          "x": 6.19
        },
        "3,2",
        "2,3",
        "3,3",
        "2,4"
      ],
      [
        {
          "x": 5.69
        },
        "5,2",
        "4,3",
        "5,3",
        "4,4"
      ],
      [
        {
          "x": 5.69,
          "w": 2
        },
        "6,3\n\n\n2,0",
        "6,4\n\n\n2,0"
      ],
      [
        {
          "x": 5.69,
          "t": "#000000",
          "w": 1.75
        },
        "6,3\n\n\n2,1",
        {
          "w": 1.25
        },
        "6,4\n\n\n2,1"
      ]
    ]
  }
}